Date,Description,Amount
2025-10-01,Rent,-750.00
2025-10-01,Netflix,-12.99
2025-10-01,dm Drogerie,-22.43
2025-10-03,Deutschlandticket,-58.00
2025-10-03,Amazon,-62.29
2025-10-03,dm Drogerie,-28.17
2025-10-03,Aldi,-33.97
2025-10-04,dm Drogerie,-18.86
2025-10-05,FitX Gym,-24.99
2025-10-06,Rewe,-34.82
2025-10-06,Lidl,-54.44
2025-10-07,Amazon,-64.01
2025-10-10,Vodafone Mobile,-19.99
2025-10-10,Amazon,-64.30
2025-10-10,Aldi,-13.53
2025-10-10,dm Drogerie,-16.89
2025-10-12,Lidl,-51.30
2025-10-13,Pizza Hut,-30.51
2025-10-15,Spotify,-10.99
2025-10-16,Pizza Hut,-16.60
2025-10-18,Rewe,-42.12
2025-10-18,Pizza Hut,-25.08
2025-10-21,Pizza Hut,-29.59
2025-10-22,dm Drogerie,-18.98
2025-10-25,Salary,2100.00
2025-10-28,Pizza Hut,-18.47
2025-10-30,Lidl,-48.76
2025-10-31,Aldi,-12.51
2025-11-01,Rent,-750.00
2025-11-01,Netflix,-12.99
2025-11-03,Deutschlandticket,-58.00
2025-11-03,Pizza Hut,-15.71
2025-11-04,dm Drogerie,-16.15
2025-11-05,FitX Gym,-24.99
2025-11-07,Starbucks,-4.44
2025-11-09,Pizza Hut,-29.91
2025-11-09,Amazon,-90.27
2025-11-09,Pizza Hut,-18.26
2025-11-10,Vodafone Mobile,-19.99
2025-11-11,dm Drogerie,-10.06
2025-11-13,dm Drogerie,-23.96
2025-11-14,Pizza Hut,-26.43
2025-11-15,Spotify,-10.99
2025-11-15,Starbucks,-6.08
2025-11-17,Lidl,-15.52
2025-11-19,Aldi,-31.15
2025-11-21,Amazon,-115.65
2025-11-22,Lidl,-33.31
2025-11-23,Lidl,-32.62
2025-11-23,Pizza Hut,-19.63
2025-11-24,Rewe,-11.51
2025-11-25,Salary,2100.00
2025-11-25,Aldi,-9.89
2025-11-25,dm Drogerie,-21.81
2025-11-27,Aldi,-46.22
2025-11-27,Lidl,-19.97
2025-11-29,Aldi,-41.37
2025-12-01,Rent,-750.00
2025-12-01,Netflix,-12.99
2025-12-01,Pizza Hut,-23.85
2025-12-03,Deutschlandticket,-58.00
2025-12-03,dm Drogerie,-15.88
2025-12-04,Lidl,-24.43
2025-12-04,Lidl,-42.41
2025-12-04,Pizza Hut,-20.59
2025-12-04,Amazon,-93.41
2025-12-04,Lidl,-21.65
2025-12-05,FitX Gym,-24.99
2025-12-05,Lidl,-51.22
2025-12-08,Lidl,-24.14
2025-12-08,Amazon,-117.04
2025-12-09,Pizza Hut,-12.32
2025-12-10,Vodafone Mobile,-19.99
2025-12-12,Aldi,-36.24
2025-12-13,dm Drogerie,-25.10
2025-12-14,dm Drogerie,-28.19
2025-12-14,Lidl,-28.67
2025-12-15,Spotify,-10.99
2025-12-16,Aldi,-17.89
2025-12-17,Amazon,-73.30
2025-12-18,Pizza Hut,-21.64
2025-12-19,Lidl,-32.30
2025-12-19,Starbucks,-4.09
2025-12-19,Pizza Hut,-14.51
2025-12-20,Aldi,-32.27
2025-12-20,dm Drogerie,-26.69
2025-12-21,Lidl,-30.15
2025-12-22,Aldi,-16.15
2025-12-22,Rewe,-62.22
2025-12-23,Rewe,-14.66
2025-12-24,Rewe,-31.72
2025-12-25,Salary,2100.00
2025-12-26,Pizza Hut,-18.55
2026-01-01,Rent,-750.00
2026-01-01,Netflix,-12.99
2026-01-02,Pizza Hut,-19.31
2026-01-03,Deutschlandticket,-58.00
2026-01-03,Aldi,-43.30
2026-01-05,FitX Gym,-24.99
2026-01-08,Rewe,-36.15
2026-01-09,Lidl,-51.34
2026-01-10,Vodafone Mobile,-19.99
2026-01-11,Pizza Hut,-32.76
2026-01-12,Pizza Hut,-29.92
2026-01-12,Pizza Hut,-24.33
2026-01-12,Lidl,-34.74
2026-01-13,Pizza Hut,-26.71
2026-01-15,Spotify,-10.99
2026-01-16,Aldi,-15.47
2026-01-21,Pizza Hut,-33.08
2026-01-22,Amazon,-71.22
2026-01-23,dm Drogerie,-20.82
2026-01-23,dm Drogerie,-12.20
2026-01-24,Starbucks,-8.30
2026-01-25,Salary,2100.00
2026-01-26,Starbucks,-7.63
2026-01-28,Amazon,-99.09
2026-01-29,Amazon,-114.33
2026-01-29,Lidl,-38.68
2026-01-31,Rewe,-49.55
2026-02-01,Rent,-750.00
2026-02-01,Netflix,-12.99
2026-02-01,Starbucks,-7.82
2026-02-02,dm Drogerie,-19.99
2026-02-03,Deutschlandticket,-58.00
2026-02-03,Pizza Hut,-14.02
2026-02-04,Lidl,-48.26
2026-02-05,FitX Gym,-24.99
2026-02-05,Pizza Hut,-29.54
2026-02-10,Vodafone Mobile,-19.99
2026-02-11,Amazon,-55.25
2026-02-12,Amazon,-96.93
2026-02-13,Amazon,-118.60
2026-02-14,Rewe,-54.60
2026-02-14,Pizza Hut,-14.80
2026-02-15,Spotify,-10.99
2026-02-15,dm Drogerie,-16.36
2026-02-16,Lidl,-31.84
2026-02-19,Aldi,-44.56
2026-02-19,Amazon,-44.81
2026-02-20,Starbucks,-7.33
2026-02-21,Amazon,-109.19
2026-02-25,Salary,2100.00
2026-02-25,Lidl,-42.13
2026-03-01,Rent,-750.00
2026-03-01,Netflix,-12.99
2026-03-01,Amazon,-104.19
2026-03-01,Rewe,-66.07
2026-03-02,Lidl,-10.09
2026-03-02,dm Drogerie,-8.12
2026-03-02,Rewe,-45.32
2026-03-03,Deutschlandticket,-58.00
2026-03-03,dm Drogerie,-23.37
2026-03-03,Rewe,-23.51
2026-03-05,FitX Gym,-24.99
2026-03-05,dm Drogerie,-20.41
2026-03-05,Lidl,-10.20
2026-03-06,Aldi,-13.26
2026-03-06,Lidl,-58.96
2026-03-07,Rewe,-50.07
2026-03-09,Starbucks,-6.89
2026-03-10,Vodafone Mobile,-19.99
2026-03-10,Rewe,-45.58
2026-03-10,Rewe,-38.28
2026-03-11,Amazon,-44.20
2026-03-14,Lidl,-29.41
2026-03-15,Spotify,-10.99
2026-03-17,Amazon,-58.93
2026-03-18,Lidl,-37.77
2026-03-19,dm Drogerie,-21.31
2026-03-21,Starbucks,-6.16
2026-03-22,Amazon,-92.35
2026-03-23,dm Drogerie,-18.01
2026-03-23,Rewe,-32.01
2026-03-24,Pizza Hut,-14.66
2026-03-25,Salary,2100.00
2026-03-26,Lidl,-25.37
2026-03-29,Rewe,-67.90
2026-03-30,Starbucks,-7.00
2026-04-01,Rent,-750.00
2026-04-01,Netflix,-13.99
2026-04-02,Rewe,-58.14
2026-04-02,Rewe,-37.15
2026-04-02,Starbucks,-7.20
2026-04-03,Deutschlandticket,-58.00
2026-04-05,FitX Gym,-24.99
2026-04-05,Starbucks,-8.18
2026-04-06,Rewe,-41.38
2026-04-06,Pizza Hut,-13.84
2026-04-06,Aldi,-38.99
2026-04-06,Lidl,-32.41
2026-04-09,dm Drogerie,-10.82
2026-04-10,Vodafone Mobile,-19.99
2026-04-11,Pizza Hut,-13.93
2026-04-13,dm Drogerie,-21.76
2026-04-13,Pizza Hut,-13.34
2026-04-15,Spotify,-10.99
2026-04-15,Pizza Hut,-31.42
2026-04-16,Starbucks,-6.52
2026-04-17,Pizza Hut,-23.47
2026-04-17,Pizza Hut,-14.41
2026-04-17,dm Drogerie,-14.96
2026-04-18,Lidl,-17.96
2026-04-18,Aldi,-6.12
2026-04-19,Aldi,-31.93
2026-04-22,Aldi,-49.18
2026-04-23,Amazon,-109.85
2026-04-24,Pizza Hut,-28.85
2026-04-24,Pizza Hut,-24.72
2026-04-24,dm Drogerie,-21.35
2026-04-24,Aldi,-49.31
2026-04-25,Salary,2100.00
2026-04-26,Amazon,-28.01
2026-04-26,Aldi,-39.98
2026-04-27,Lidl,-58.85
2026-04-27,Rewe,-65.56
2026-04-29,Aldi,-46.61
2026-04-30,Lidl,-10.53
2026-05-01,Rent,-750.00
2026-05-01,Netflix,-13.99
2026-05-02,Aldi,-43.95
2026-05-02,Pizza Hut,-30.42
2026-05-03,Deutschlandticket,-58.00
2026-05-05,FitX Gym,-24.99
2026-05-05,Pizza Hut,-23.84
2026-05-05,Rewe,-12.07
2026-05-07,Starbucks,-8.26
2026-05-07,dm Drogerie,-26.33
2026-05-09,Aldi,-17.37
2026-05-10,Vodafone Mobile,-19.99
2026-05-10,Starbucks,-5.71
2026-05-11,Lidl,-29.21
2026-05-11,dm Drogerie,-19.37
2026-05-11,Lidl,-59.87
2026-05-12,Lidl,-55.60
2026-05-13,Aldi,-21.44
2026-05-15,Spotify,-10.99
2026-05-17,Amazon,-59.14
2026-05-18,Aldi,-17.80
2026-05-18,Aldi,-15.58
2026-05-20,Amazon,-77.03
2026-05-20,Starbucks,-5.50
2026-05-24,Starbucks,-6.81
2026-05-25,Salary,2100.00
2026-05-25,Amazon,-119.44
2026-05-25,dm Drogerie,-21.86
2026-05-26,Rewe,-17.13
2026-05-26,dm Drogerie,-21.32
2026-05-26,Aldi,-28.07
2026-05-29,Amazon,-19.31
2026-06-01,Rent,-750.00
2026-06-01,Netflix,-13.99
2026-06-01,Pizza Hut,-13.17
2026-06-03,Deutschlandticket,-58.00
2026-06-05,FitX Gym,-24.99
2026-06-05,Aldi,-18.59
2026-06-10,Vodafone Mobile,-19.99
2026-06-10,Lidl,-33.45
2026-06-13,dm Drogerie,-13.06
2026-06-13,Starbucks,-6.40
2026-06-14,Rewe,-33.15
2026-06-15,Spotify,-10.99
2026-06-15,dm Drogerie,-22.79
2026-06-19,dm Drogerie,-9.71
2026-06-22,Lidl,-38.69
2026-06-23,dm Drogerie,-26.33
2026-06-24,Amazon,-104.83
2026-06-25,Salary,2100.00
2026-06-26,Pizza Hut,-25.88
2026-06-27,Pizza Hut,-19.32
2026-06-28,Pizza Hut,-21.52
2026-06-28,Starbucks,-4.39
2026-07-01,Rent,-750.00
2026-07-01,Netflix,-13.99
2026-07-03,Deutschlandticket,-58.00
2026-07-03,Aldi,-19.27
2026-07-03,Lidl,-38.88
2026-07-05,FitX Gym,-24.99
2026-07-06,Amazon,-68.27
2026-07-07,Amazon,-119.27
2026-07-08,Lidl,-54.66
2026-07-09,Rewe,-13.54
2026-07-09,Rewe,-51.62
2026-07-10,Vodafone Mobile,-19.99
2026-07-11,Lidl,-20.03
2026-07-11,Starbucks,-8.37
2026-07-13,dm Drogerie,-21.94
2026-07-14,Aldi,-39.13
2026-07-15,Spotify,-10.99
2026-07-15,Amazon,-16.31
2026-07-16,dm Drogerie,-15.20
2026-07-18,Rewe,-20.46
2026-07-19,Starbucks,-5.00
2026-07-20,Aldi,-38.01
2026-07-20,dm Drogerie,-26.96
2026-07-22,Starbucks,-7.91
2026-07-23,Pizza Hut,-32.79
2026-07-24,Lidl,-46.67
2026-07-24,Rewe,-11.62
2026-07-25,Salary,2100.00
2026-07-25,Pizza Hut,-32.41
2026-07-28,Pizza Hut,-21.41
2026-07-29,Lidl,-27.61
2026-07-29,Rewe,-37.59
2026-08-01,Rent,-750.00
2026-08-01,Netflix,-13.99
2026-08-01,Lidl,-20.67
2026-08-03,Deutschlandticket,-58.00
2026-08-03,Amazon,-36.22
2026-08-03,Amazon,-69.81
2026-08-04,Rewe,-13.16
2026-08-05,FitX Gym,-24.99
2026-08-05,Starbucks,-4.55
2026-08-05,dm Drogerie,-11.31
2026-08-07,Aldi,-18.70
2026-08-07,Lidl,-36.75
2026-08-07,Aldi,-43.06
2026-08-07,Lidl,-40.07
2026-08-07,Aldi,-12.44
2026-08-07,dm Drogerie,-11.33
2026-08-09,Pizza Hut,-20.54
2026-08-09,Aldi,-23.22
2026-08-10,Vodafone Mobile,-19.99
2026-08-10,Starbucks,-4.60
2026-08-10,Amazon,-109.09
2026-08-13,Starbucks,-6.25
2026-08-15,Spotify,-10.99
2026-08-15,Aldi,-28.89
2026-08-15,Pizza Hut,-17.63
2026-08-15,Rewe,-21.29
2026-08-16,Rewe,-47.08
2026-08-16,dm Drogerie,-18.41
2026-08-16,Pizza Hut,-15.03
2026-08-18,dm Drogerie,-9.09
2026-08-18,Aldi,-14.35
2026-08-22,dm Drogerie,-20.20
2026-08-23,dm Drogerie,-9.68
2026-08-24,dm Drogerie,-8.82
2026-08-24,Pizza Hut,-19.85
2026-08-24,Amazon,-20.26
2026-08-25,Salary,2100.00
2026-08-26,Starbucks,-5.06
2026-08-26,Pizza Hut,-33.25
2026-08-28,dm Drogerie,-12.02
2026-08-30,Amazon,-30.99
2026-08-31,Rewe,-32.34
2026-09-01,Rent,-750.00
2026-09-01,Netflix,-13.99
2026-09-01,Amazon,-84.29
2026-09-02,Starbucks,-5.71
2026-09-03,Deutschlandticket,-58.00
2026-09-04,Amazon,-62.21
2026-09-04,Aldi,-38.73
2026-09-05,FitX Gym,-24.99
2026-09-05,Amazon,-46.76
2026-09-05,Aldi,-21.49
2026-09-06,Amazon,-73.99
2026-09-07,Pizza Hut,-21.64
2026-09-08,Amazon,-57.86
2026-09-10,Vodafone Mobile,-19.99
2026-09-12,Pizza Hut,-12.45
2026-09-15,Spotify,-10.99
2026-09-15,Starbucks,-7.34
2026-09-15,Rewe,-29.26
2026-09-18,Lidl,-36.19
2026-09-18,dm Drogerie,-28.82
2026-09-19,Starbucks,-7.13
2026-09-21,dm Drogerie,-5.58
2026-09-23,Starbucks,-8.68
2026-09-23,Pizza Hut,-19.41
2026-09-24,Pizza Hut,-26.54
2026-09-25,Salary,2100.00
2026-09-27,Rewe,-43.64
2026-09-27,Pizza Hut,-22.50
2026-09-27,Starbucks,-7.22
2026-09-27,Rewe,-30.25
2026-09-27,Aldi,-31.37
2026-09-30,Rewe,-10.53
2026-09-30,Lidl,-49.47
